id,age,gender,income,education,region,loyalty_status,purchase_frequency,purchase_amount,product_category,promotion_usage,satisfaction_score
1,27,Male,40682,Bachelor,East,Gold,frequent,18249,Books,0,6
2,29,Male,15317,Masters,West,Regular,rare,4557,Clothing,1,6
3,37,Male,38849,Bachelor,West,Silver,rare,11822,Clothing,0,6
4,30,Male,11568,HighSchool,South,Regular,frequent,4098,Food,0,7
5,31,Female,46952,College,North,Regular,occasional,19685,Clothing,1,5
6,38,Male,7347,Bachelor,South,Silver,occasional,2822,Electronics,0,5
7,32,Female,8265,Bachelor,South,Silver,frequent,3293,Clothing,0,7
8,24,Female,47773,HighSchool,North,Regular,rare,21794,Books,0,5
9,27,Male,19154,College,East,Regular,occasional,5819,Clothing,0,5
10,28,Female,24666,HighSchool,North,Regular,rare,8779,Food,0,6
11,35,Male,43896,HighSchool,South,Regular,rare,16158,Home,1,6
12,32,Female,40044,Bachelor,North,Silver,rare,13608,Electronics,0,5
13,32,Male,6735,College,East,Silver,occasional,2450,Clothing,1,5
14,30,Female,19034,Bachelor,East,Regular,occasional,5579,Books,1,5
15,28,Male,35748,Bachelor,North,Silver,rare,12901,Books,1,3
16,38,Female,26282,College,West,Silver,rare,9644,Clothing,0,7
17,32,Male,49088,Bachelor,South,Regular,rare,21329,Clothing,0,5
18,21,Female,20163,College,West,Regular,rare,7612,Food,0,3
19,33,Female,10660,,West,Regular,rare,3129,Clothing,0,6
20,28,Male,40725,,East,Regular,rare,12764,Electronics,1,6
21,25,Female,46173,,North,Regular,occasional,17638,Beauty,0,5
22,29,Male,37894,College,West,Silver,occasional,12838,Clothing,0,5
23,25,Female,8936,College,West,Regular,rare,3264,Food,0,5
24,27,Female,36226,College,North,Regular,frequent,12633,Electronics,1,
25,27,Male,40646,Bachelor,West,Gold,rare,11869,Food,0,5
26,22,Female,7915,College,West,Silver,frequent,2188,Electronics,0,6
27,34,Male,39287,Masters,North,Regular,occasional,11944,Food,0,6
28,31,Female,42196,College,West,Regular,occasional,12137,Clothing,1,6
29,25,Female,38932,Bachelor,West,Silver,frequent,15844,Electronics,0,5
30,36,Male,42955,Bachelor,East,Regular,frequent,15289,Electronics,0,4
31,32,Female,6952,Bachelor,West,Regular,occasional,2080,Food,1,6
32,29,Male,26915,Bachelor,South,Regular,rare,11833,Clothing,1,4
33,34,Male,9545,College,East,Silver,occasional,4155,Beauty,0,5
34,34,Female,13128,College,East,Gold,rare,4475,Clothing,0,6
35,34,Male,13820,College,East,Regular,rare,5888,Electronics,0,6
36,33,Male,43701,College,North,Regular,rare,14083,Electronics,0,5
37,32,Male,41024,Bachelor,East,Silver,frequent,16783,Electronics,1,6
38,30,Male,42930,Masters,East,Regular,rare,17967,Health,1,
39,29,Female,25750,Bachelor,North,Regular,rare,9505,Home,1,4
40,28,Female,46720,HighSchool,East,Silver,rare,17595,Electronics,1,6
41,27,Male,41298,Bachelor,West,Gold,rare,12690,Electronics,0,5
42,29,Female,5513,Bachelor,East,Regular,occasional,1693,Electronics,1,5
43,24,Male,13482,Bachelor,West,Regular,rare,4842,Clothing,1,5
44,40,Male,14522,HighSchool,East,Regular,rare,5347,Food,0,3
45,35,Female,24758,Bachelor,East,Regular,frequent,11293,Books,0,6
46,25,Male,45527,Bachelor,West,Gold,frequent,16596,Clothing,0,6
47,28,Male,6755,College,South,Regular,occasional,2394,Electronics,0,6
48,28,Male,45358,College,North,Regular,occasional,16856,Clothing,0,6
49,33,Female,12972,College,East,Silver,rare,5197,Food,0,5
50,30,Male,31837,Bachelor,West,Silver,occasional,12967,Electronics,0,6
51,31,Female,29373,College,South,Regular,frequent,12114,Electronics,0,5
52,30,Male,28752,College,North,Silver,rare,8649,Clothing,1,4
53,30,Male,8328,HighSchool,West,Silver,rare,3079,Health,0,5
54,36,Female,22078,College,East,Regular,occasional,7587,Food,0,6
55,29,Female,15865,College,West,Regular,occasional,6884,Clothing,0,4
56,37,Female,6818,College,East,Regular,occasional,1987,Electronics,0,7
57,23,Male,44939,Masters,East,Gold,occasional,18416,Electronics,1,5
58,33,Male,47716,College,West,Regular,occasional,20515,Electronics,0,2
59,31,Female,10315,College,West,Silver,frequent,3895,Food,0,3
60,31,Female,13873,HighSchool,West,Regular,rare,5046,Electronics,0,6
61,32,Male,8679,HighSchool,East,Silver,rare,2908,Electronics,0,4
62,28,Female,23397,HighSchool,North,Regular,occasional,8066,Books,0,3
63,29,Female,34677,Masters,North,Gold,occasional,13341,Books,1,6
64,25,Female,19249,HighSchool,West,Silver,rare,6020,Home,0,5
65,25,Female,7346,College,West,Silver,rare,2301,Food,1,5
66,31,Female,9888,Bachelor,North,Gold,occasional,3708,Electronics,0,4
67,32,Female,33549,College,East,Regular,occasional,12038,Clothing,1,6
68,30,Male,22871,Bachelor,South,Regular,occasional,8146,Clothing,1,6
69,34,Male,43035,Bachelor,East,Regular,frequent,13002,Books,0,5
70,39,Female,17226,College,West,Silver,occasional,6617,Books,1,4
71,28,Male,40025,College,West,Silver,occasional,8973,Food,1,4
72,20,Female,49144,Bachelor,East,Silver,rare,20296,Health,0,3
73,34,Female,17948,College,East,Silver,frequent,5486,Electronics,0,6
74,27,Male,30376,Masters,West,Regular,rare,10110,Electronics,0,5
75,27,Male,31926,HighSchool,North,Silver,occasional,11083,Electronics,1,5
76,35,Female,8133,Masters,East,Regular,rare,2939,Electronics,0,5
77,29,Male,12930,HighSchool,South,Silver,frequent,4059,Electronics,0,
78,25,Female,13114,Bachelor,West,Silver,rare,2916,Clothing,0,5
79,31,Female,29452,College,West,Regular,rare,9814,Home,0,5
80,29,Female,32324,Bachelor,North,Regular,occasional,9535,Food,1,4
81,30,Female,24706,HighSchool,East,Regular,rare,9536,Home,1,3
82,32,Male,5778,Bachelor,East,Regular,rare,2236,Health,1,5
83,28,Female,12977,HighSchool,South,Regular,rare,3542,Electronics,0,
84,33,Female,43758,HighSchool,South,Silver,occasional,18843,Clothing,0,5
85,29,Female,49741,Masters,West,Regular,occasional,12915,Clothing,0,5
86,31,Male,6994,Bachelor,East,Gold,rare,2101,Clothing,0,7
87,35,Female,14104,HighSchool,North,Silver,rare,5398,Electronics,1,5
88,32,Male,32621,College,West,Silver,occasional,9408,Health,1,4
89,29,Female,40520,College,West,Silver,rare,13186,Clothing,0,3
90,35,Male,40735,HighSchool,South,Regular,frequent,11223,Electronics,0,
91,34,Female,19281,College,North,Regular,rare,6960,Food,0,7
92,32,Male,40219,College,East,Regular,rare,11462,Clothing,0,6
93,31,Female,18963,College,South,Silver,rare,6759,Electronics,1,6
94,27,Female,25836,College,East,Gold,rare,9433,Electronics,0,6
95,36,Female,6161,Bachelor,West,Regular,occasional,2115,Electronics,0,6
96,27,Female,9697,Masters,West,Silver,frequent,2441,Electronics,0,6
97,40,Male,35606,Bachelor,South,Gold,rare,10354,Food,0,6
98,37,Male,6856,Bachelor,South,Silver,occasional,2387,Clothing,0,6
99,29,Male,5135,Bachelor,East,Regular,rare,1676,Clothing,0,4
100,25,Male,6158,College,South,Regular,rare,1728,Clothing,0,6
101,27,Male,29170,College,North,Silver,occasional,10705,Books,0,7
102,31,Male,34887,College,East,Silver,occasional,15266,Clothing,0,4
103,29,Female,14391,Bachelor,West,Regular,rare,5272,Clothing,0,6
104,28,Male,5048,College,East,Regular,rare,1568,Electronics,1,4
105,26,Male,27404,Bachelor,North,Regular,occasional,10044,Health,1,5
106,30,Male,6752,College,South,Regular,occasional,1984,Health,0,4
107,26,Female,7829,Bachelor,East,Regular,occasional,3001,Books,0,5
108,23,Male,38461,HighSchool,North,Regular,rare,11216,Food,0,3
109,28,Male,27443,College,East,Silver,occasional,9438,Books,1,6
110,34,Male,46718,College,North,Regular,rare,15534,Books,0,5
111,27,Male,47622,Bachelor,East,Regular,,18507,Health,0,4
112,33,Male,21874,Bachelor,East,Silver,,8568,Books,0,5
113,23,Male,30137,HighSchool,North,Silver,,9744,Books,0,5
114,30,Female,14535,HighSchool,East,Regular,,4762,Electronics,0,5
115,32,Female,9883,HighSchool,West,Regular,,4289,Books,0,6
116,31,Female,49578,Bachelor,West,Silver,,19903,Electronics,1,5
117,30,Female,25071,Masters,West,Regular,occasional,9083,Electronics,1,5
118,27,Female,22192,Bachelor,South,Silver,frequent,10879,Electronics,1,5
119,26,Male,13379,Bachelor,North,Regular,rare,4327,Books,0,4
120,25,Female,18915,Bachelor,South,Silver,rare,8860,Books,0,6
121,31,Female,29125,College,South,Regular,frequent,10755,Health,0,5
122,26,Male,21349,College,North,Silver,frequent,6518,Clothing,1,5
123,28,Female,36299,HighSchool,East,Silver,frequent,10395,Health,0,5
124,29,Female,6872,College,North,Regular,occasional,1888,Books,1,4
125,38,Female,46609,Bachelor,East,Regular,frequent,20447,Electronics,0,5
126,27,Female,25134,HighSchool,North,Regular,occasional,7882,Clothing,0,4
127,31,Male,43862,College,East,Regular,rare,17394,Clothing,0,7
128,30,Male,31711,Bachelor,North,Silver,frequent,13669,Home,0,6
129,26,Female,13509,Masters,North,Regular,rare,3227,Clothing,1,4
130,30,Male,28429,College,North,Regular,occasional,9690,Books,0,7
131,36,Male,17591,HighSchool,West,Silver,rare,7785,Electronics,0,6
132,32,Female,37908,Bachelor,West,Regular,rare,11395,Health,1,5
133,30,Female,31044,College,North,Silver,rare,10343,Food,0,5
134,28,Male,38758,College,South,Silver,rare,13781,Electronics,1,4
135,21,Male,38467,College,East,Regular,frequent,11408,Electronics,1,4
136,35,Male,22988,Bachelor,East,Regular,occasional,9936,Books,0,6
137,23,Male,26627,Bachelor,East,Regular,frequent,9547,Books,0,4
138,33,Female,31265,College,East,Regular,rare,10766,Beauty,0,4
139,39,Female,47194,HighSchool,North,Regular,rare,17373,Beauty,1,6
140,24,Female,42676,College,West,Regular,occasional,15874,Clothing,0,6
141,33,Male,17214,College,East,Gold,occasional,6098,Electronics,0,5
142,29,Female,42627,College,South,Regular,rare,13441,Clothing,0,6
143,23,Male,44764,College,North,Silver,rare,18931,Books,1,4
144,23,Female,33907,HighSchool,West,Gold,frequent,13086,Health,1,5
145,23,Female,32419,College,South,Regular,rare,11515,Electronics,0,4
146,28,Male,39265,College,South,Regular,rare,13114,Food,0,4
147,23,Male,48577,HighSchool,North,Regular,occasional,19674,Food,0,7
148,33,Female,32069,College,West,Regular,occasional,12844,Electronics,0,5
149,39,Female,16736,Masters,East,Regular,frequent,6937,Electronics,0,5
150,24,Male,8854,Bachelor,East,Silver,frequent,3085,Electronics,0,4
151,34,Female,26603,College,West,Silver,frequent,10573,Clothing,0,
152,33,Male,26110,Masters,North,Regular,occasional,9307,Clothing,0,6
153,31,Male,11871,HighSchool,North,Gold,frequent,3330,Health,0,5
154,25,Male,41283,Bachelor,East,Regular,frequent,14639,Electronics,0,4
155,29,Male,31916,Bachelor,South,Regular,rare,10921,Electronics,1,6
156,29,Male,10545,College,North,Regular,rare,3966,Electronics,0,4
157,33,Male,34940,College,East,Regular,rare,11283,Clothing,1,7
158,28,Male,43623,HighSchool,East,Regular,rare,16513,Home,0,5
159,34,Female,28363,HighSchool,North,Regular,occasional,12462,Home,0,7
160,28,Female,9764,HighSchool,North,Gold,rare,4345,Electronics,1,5
161,35,Female,42574,College,East,Regular,frequent,11767,Health,0,3
162,25,Male,26516,HighSchool,West,Gold,rare,7435,Books,1,2
163,24,Female,19371,College,South,Silver,occasional,6986,Health,0,4
164,44,Female,46160,Bachelor,East,Regular,occasional,18143,Books,0,4
165,28,Female,9172,College,East,Gold,rare,2659,Electronics,0,6
166,31,Male,14199,Bachelor,West,Regular,occasional,4785,Food,0,5
167,33,Female,41493,College,West,Regular,rare,13142,Beauty,0,6
168,28,Male,44178,Bachelor,East,Regular,occasional,16278,Food,0,6
169,32,Male,41456,HighSchool,East,Gold,occasional,12272,Books,0,4
170,32,Male,20873,Bachelor,South,Regular,rare,5900,Clothing,0,5
171,29,Female,41943,Bachelor,North,Gold,rare,13751,Clothing,0,5
172,30,Male,33403,HighSchool,West,Regular,occasional,14141,Books,1,4
173,30,Male,39944,HighSchool,West,Regular,rare,15514,Electronics,0,4
174,40,Male,12925,College,North,Regular,frequent,3995,Electronics,0,6
175,27,Female,48053,Bachelor,West,Regular,frequent,12657,Electronics,0,4
176,25,Male,7156,College,East,Regular,rare,2110,Health,1,4
177,30,Female,48189,HighSchool,East,Silver,occasional,19672,Electronics,1,4
178,31,Female,44034,Bachelor,West,Regular,occasional,12097,Clothing,0,6
179,32,Female,17877,Bachelor,North,Regular,rare,7104,Clothing,0,5
180,28,Male,37512,Masters,West,Regular,rare,13374,Food,0,5
181,25,Male,25088,Masters,South,Silver,occasional,9764,Clothing,0,3
182,36,Female,48792,Bachelor,East,Regular,rare,18203,Electronics,0,6
183,28,Male,9552,HighSchool,North,Silver,rare,3110,Clothing,1,5
184,26,Female,25282,College,North,Regular,rare,6691,Electronics,0,6
185,29,Female,28678,Bachelor,East,Regular,rare,10566,Electronics,0,4
186,29,Male,25024,Masters,West,Gold,rare,8423,Books,0,3
187,35,Male,9157,Bachelor,East,Silver,occasional,3337,Food,0,5
188,30,Female,34416,College,West,Gold,rare,10313,Health,0,6
189,33,Female,29355,College,South,Regular,rare,10525,Books,0,5
190,28,Male,32818,College,East,Gold,occasional,10428,Clothing,1,5
191,31,Female,26201,College,South,Silver,occasional,8916,Clothing,0,4
192,29,Male,24322,College,West,Regular,rare,7561,Electronics,0,4
193,30,Female,10651,HighSchool,East,Regular,rare,2841,Electronics,0,3
194,26,Male,11708,College,North,Gold,occasional,3073,Books,0,5
195,24,Male,30470,Bachelor,West,Gold,frequent,11964,Electronics,1,6
196,39,Female,40055,College,South,Silver,rare,17092,Books,1,3
197,33,Female,16139,College,South,Regular,rare,6493,Books,0,4
198,24,Female,11170,College,North,Silver,rare,4259,Clothing,0,3
199,27,Female,29872,Bachelor,North,Gold,rare,11418,Electronics,1,4
200,25,Female,37258,College,East,Regular,rare,15823,Clothing,1,4
201,40,Female,25670,Bachelor,West,Silver,rare,11286,Beauty,0,4
202,36,Female,19908,College,East,Regular,occasional,8343,Electronics,0,6
203,29,Female,12931,HighSchool,East,Silver,occasional,4654,Beauty,1,4
204,32,Male,22524,College,West,Silver,occasional,8609,Books,0,6
205,28,Male,10825,HighSchool,North,Regular,rare,3600,Clothing,1,5
206,28,Female,44816,HighSchool,West,Regular,rare,18073,Clothing,0,5
207,26,Male,6076,Bachelor,West,Silver,frequent,2311,Clothing,0,4
208,27,Male,37784,College,West,Regular,rare,16081,Books,0,
209,37,Female,34504,College,East,Regular,rare,12032,Electronics,1,7
210,30,Male,31899,College,East,Regular,occasional,9450,Clothing,0,5
211,31,Female,29747,Bachelor,West,Regular,occasional,12160,Electronics,0,2
212,31,Female,47360,Bachelor,East,Gold,rare,13738,Books,0,6
213,36,Female,10204,HighSchool,East,Regular,frequent,3178,Food,0,5
214,28,Female,25061,College,West,Silver,rare,8439,Food,0,3
215,26,Female,38394,College,South,Regular,occasional,11142,Clothing,0,3
216,37,Female,23829,Bachelor,West,Silver,occasional,8019,Electronics,0,5
217,28,Male,48586,Masters,North,Regular,occasional,16810,Electronics,1,5
218,27,Female,22675,HighSchool,East,Regular,occasional,7789,Books,0,5
219,24,Female,46062,College,North,Gold,rare,18283,Electronics,0,5
220,24,Male,32402,College,West,Regular,occasional,11514,Clothing,1,4
221,27,Male,40775,Bachelor,West,Silver,occasional,15517,Food,0,5
222,33,Female,28231,HighSchool,North,Silver,rare,8315,Clothing,0,4
223,35,Male,17811,Bachelor,South,Regular,rare,5726,Electronics,0,5
224,33,Female,46503,Bachelor,West,Silver,rare,15433,Health,1,4
225,28,Male,19546,Bachelor,North,Regular,frequent,8674,Books,1,6
226,30,Male,29669,Bachelor,South,Regular,occasional,8043,Books,0,7
227,27,Male,30931,HighSchool,South,Regular,occasional,11448,Clothing,0,7
228,27,Male,38353,HighSchool,South,Regular,frequent,12238,Clothing,1,6
229,34,Male,32273,Bachelor,South,Regular,occasional,12552,Books,1,4
230,25,Male,36185,College,West,Silver,frequent,13074,Electronics,0,5
231,39,Female,43215,Bachelor,West,Gold,rare,15588,Health,0,5
232,30,Female,40741,Bachelor,East,Regular,frequent,10836,Food,0,3
233,31,Female,49609,College,South,Regular,occasional,20051,Electronics,1,5
234,27,Female,8349,College,East,Silver,rare,2167,Electronics,0,6
235,27,Female,30281,College,East,Regular,rare,10599,Books,0,5
236,24,Female,10103,Bachelor,East,Regular,rare,2749,Food,1,3
237,29,Male,43970,College,West,Silver,rare,14540,Electronics,0,4
238,32,Female,19535,College,West,Regular,rare,6048,Electronics,0,5
239,31,Male,27264,Masters,South,Regular,rare,8536,Clothing,0,5
240,27,Male,6765,HighSchool,West,Regular,rare,2668,Food,0,4
241,26,Male,11387,College,North,Regular,rare,3473,Electronics,0,6
242,28,Female,21174,Bachelor,East,Silver,rare,6930,Food,0,5
243,37,Male,24253,Bachelor,North,Regular,occasional,12194,Health,0,4
244,25,Female,24190,Bachelor,West,Regular,occasional,9663,Electronics,0,6
245,29,Male,18220,College,North,Regular,rare,6657,Health,0,6
246,39,Female,40676,HighSchool,North,Regular,rare,13107,Beauty,1,5
247,30,Male,13717,Bachelor,West,Regular,rare,5133,Electronics,0,6
248,24,Male,18666,HighSchool,East,Regular,occasional,6429,Clothing,1,6
249,27,Male,21257,Bachelor,North,Regular,rare,8260,Electronics,1,6
250,32,Male,10956,College,East,Regular,rare,4354,Electronics,0,3
251,28,Male,26777,Masters,South,Silver,rare,10562,Electronics,0,3
252,27,Female,49369,Bachelor,South,Regular,occasional,20269,Food,0,3
253,28,Male,33724,Masters,South,Regular,frequent,12105,Books,0,4
254,30,Male,39742,HighSchool,North,Silver,frequent,15486,Books,1,4
255,37,Female,29977,Bachelor,East,Regular,occasional,10274,Health,1,5
256,30,Male,14996,Bachelor,West,Silver,frequent,4868,Clothing,0,6
257,35,Male,8397,HighSchool,North,Regular,rare,2623,Clothing,0,6
258,33,Female,25532,Bachelor,South,Silver,occasional,9754,Books,0,5
259,29,Female,12771,College,North,Silver,frequent,5408,Clothing,0,3
260,23,Male,40637,College,North,Gold,rare,15480,Beauty,0,6
261,28,Female,38961,College,North,Silver,rare,10382,Clothing,0,6
262,28,Female,6156,College,West,Silver,rare,1771,Books,0,6
263,30,Male,45604,College,West,Regular,occasional,15190,Electronics,0,5
264,36,Male,42666,Masters,North,Regular,occasional,16756,Food,1,5
265,40,Female,47180,HighSchool,West,Regular,occasional,19849,Food,0,7
266,37,Male,39336,HighSchool,East,Regular,occasional,12318,Electronics,0,5
267,29,Female,33422,College,South,Silver,rare,11767,Food,0,5
268,22,Male,36568,Bachelor,West,Regular,frequent,12768,Electronics,0,4
269,28,Female,37258,Bachelor,North,Regular,rare,10312,Food,0,5
270,30,Female,46086,College,West,Regular,occasional,16062,Electronics,0,2
271,34,Male,16479,Bachelor,North,Silver,rare,5591,Electronics,1,5
272,34,Female,8834,College,North,Regular,occasional,3274,Electronics,0,5
273,33,Male,42906,College,South,Gold,frequent,12738,Health,0,5
274,24,Male,38719,Masters,West,Silver,rare,13016,Home,0,5
275,34,Male,32828,College,West,Silver,occasional,12406,Health,1,5
276,28,Female,16060,Bachelor,North,Gold,occasional,6997,Electronics,1,5
277,31,Female,11390,HighSchool,North,Regular,frequent,3556,Clothing,0,5
278,30,Male,27954,College,East,Silver,rare,6872,Food,0,5
279,32,Female,15613,College,North,Silver,rare,6081,Food,0,5
280,30,Female,7208,Bachelor,North,Regular,occasional,2700,Electronics,0,7
281,23,Female,43082,Bachelor,South,Silver,rare,16697,Electronics,0,6
282,33,Female,26733,HighSchool,North,Gold,rare,9219,Food,1,5
283,32,Male,45673,College,North,Regular,occasional,12287,Clothing,1,5
284,29,Male,22722,HighSchool,North,Silver,occasional,6500,Beauty,1,5
285,31,Male,36436,HighSchool,North,Regular,rare,13047,Books,1,7
286,31,Male,38301,Masters,West,Regular,rare,14734,Electronics,0,5
287,31,Male,29424,HighSchool,South,Regular,occasional,9737,Food,0,6
288,37,Male,47514,Bachelor,East,Regular,rare,13508,Clothing,0,6
289,29,Female,26094,College,South,Silver,occasional,10512,Clothing,0,6
290,31,Female,21403,Masters,East,Regular,occasional,8147,Electronics,1,6
291,35,Female,13889,College,East,Regular,rare,3315,Books,0,3
292,35,Male,31351,Masters,East,Regular,frequent,10382,Electronics,0,6
293,35,Female,48246,College,North,Silver,rare,15809,Home,0,6
294,27,Female,14403,College,East,Silver,occasional,4884,Food,0,7
295,39,Male,30049,College,West,Silver,rare,12715,Books,0,5
296,30,Female,15992,College,South,Silver,frequent,5670,Health,0,6
297,38,Male,37902,College,East,Silver,rare,12100,Electronics,0,5
298,24,Female,24085,HighSchool,South,Regular,rare,9676,Clothing,1,4
299,30,Female,42608,Masters,West,Regular,rare,12683,Food,1,5
300,36,Female,29018,HighSchool,East,Silver,rare,8926,Health,1,5
301,27,Female,7479,College,South,Regular,occasional,2057,Electronics,0,6
302,27,Female,19355,Masters,West,Silver,frequent,7050,Clothing,0,5
303,26,Male,9202,College,West,Silver,rare,3117,Electronics,1,5
304,25,Male,25097,HighSchool,East,Regular,rare,8868,Electronics,0,4
305,28,Male,14495,Masters,North,Gold,rare,5126,Electronics,0,5
306,31,Female,6823,Bachelor,East,Gold,rare,2301,Electronics,0,7
307,21,Male,18994,College,East,Regular,occasional,6887,Food,1,6
308,31,Female,21562,College,East,Regular,occasional,8190,Electronics,1,4
309,36,Male,41540,College,East,Regular,rare,13352,Books,0,6
310,39,Male,38428,Bachelor,East,Gold,frequent,10912,Books,1,6
311,36,Male,24307,Bachelor,East,Silver,rare,9610,Electronics,0,6
312,33,Male,23687,Bachelor,North,Silver,frequent,9973,Electronics,0,6
313,22,Female,35555,College,West,Regular,rare,9539,Books,0,4
314,27,Female,6914,College,South,Silver,rare,2054,Electronics,0,6
315,28,Male,45122,College,North,Silver,rare,15244,Clothing,0,6
316,33,Male,45809,Bachelor,North,Regular,rare,14109,Beauty,1,6
317,30,Female,48613,Bachelor,West,Silver,rare,16170,Beauty,0,5
318,24,Male,35447,College,South,Regular,frequent,11624,Books,0,6
319,38,Female,17904,College,East,Regular,occasional,5706,Books,0,5
320,34,Male,7568,Masters,West,Regular,rare,2926,Electronics,1,6
321,31,Male,31778,Bachelor,East,Regular,occasional,12680,Books,1,4
322,35,Female,33869,College,South,Regular,occasional,11264,Books,0,5
323,24,Female,18743,College,East,Regular,rare,5937,Food,0,4
324,33,Female,8375,College,West,Regular,rare,2976,Electronics,0,5
325,28,Male,37689,HighSchool,North,Silver,occasional,15993,Health,0,6
326,33,Female,48920,HighSchool,East,Silver,occasional,18177,Clothing,0,5
327,30,Male,39950,Bachelor,West,Regular,rare,13642,Clothing,0,7
328,33,Female,29959,Bachelor,West,Regular,occasional,10801,Books,0,6
329,36,Female,45091,Bachelor,North,Regular,occasional,16138,Clothing,1,4
330,30,Female,13294,HighSchool,West,Gold,occasional,4709,Clothing,1,5
331,35,Male,22058,College,South,Regular,occasional,7294,Electronics,0,4
332,25,Female,43068,College,South,Gold,rare,14033,Clothing,0,2
333,27,Female,41925,HighSchool,West,Regular,rare,13664,Health,0,5
334,37,Male,30434,HighSchool,South,Regular,rare,10953,Books,1,4
335,32,Female,18769,Bachelor,South,Silver,rare,8024,Electronics,0,5
336,21,Male,23464,Bachelor,South,Silver,rare,7759,Beauty,0,4
337,24,Male,11074,Bachelor,South,Silver,occasional,2316,Beauty,0,5
338,29,Male,40798,Bachelor,West,Silver,rare,15592,Beauty,1,5
339,34,Female,42056,College,East,Gold,rare,14809,Food,0,4
340,30,Male,21814,College,East,Regular,rare,7372,Food,1,4
341,33,Male,46318,College,West,Regular,occasional,16859,Food,0,6
342,34,Female,30009,HighSchool,West,Regular,rare,10114,Electronics,0,4
343,37,Female,42990,College,West,Gold,rare,10937,Books,1,5
344,30,Female,9703,Bachelor,North,Silver,frequent,3538,Food,1,5
345,30,Male,43047,Masters,West,Regular,occasional,14408,Food,0,5
346,22,Male,17407,College,West,Silver,rare,6142,Food,0,5
347,30,Female,36111,HighSchool,West,Regular,frequent,14341,Clothing,0,4
348,27,Male,40424,College,North,Regular,rare,15517,Electronics,0,4
349,26,Male,31521,Bachelor,East,Regular,occasional,9615,Health,0,6
350,29,Female,7938,College,West,Regular,rare,2589,Electronics,0,5
351,35,Female,40922,Bachelor,East,Gold,frequent,13098,Beauty,0,7
352,21,Male,25727,College,South,Regular,occasional,8405,Clothing,0,5
353,28,Male,22111,College,West,Regular,rare,7874,Books,0,5
354,31,Male,10488,College,West,Regular,rare,3372,Electronics,0,4
355,26,Male,14492,College,West,Regular,rare,4717,Beauty,0,5
356,31,Male,10673,College,East,Silver,rare,3629,Home,1,3
357,32,Female,9773,College,East,Regular,rare,3955,Clothing,0,5
358,30,Male,9643,HighSchool,East,Silver,frequent,4031,Health,0,7
359,19,Male,41235,Bachelor,East,Regular,rare,12627,Clothing,1,7
360,41,Male,16838,College,West,Gold,frequent,5845,Electronics,1,4
361,29,Male,10105,College,East,Regular,occasional,4364,Electronics,0,4
362,33,Female,6607,Bachelor,West,Regular,frequent,2473,Electronics,0,2
363,31,Female,28025,Bachelor,West,Regular,frequent,12682,Home,0,6
364,35,Female,34048,HighSchool,East,Regular,frequent,12173,Electronics,0,5
365,34,Male,15875,Masters,West,Silver,rare,5693,Food,0,5
366,29,Male,46373,College,North,Regular,occasional,17856,Books,0,4
367,32,Female,16339,Masters,North,Regular,occasional,5765,Electronics,1,3
368,26,Female,35023,College,West,Silver,rare,10259,Books,0,5
369,34,Female,39534,Masters,East,Silver,rare,15578,Books,1,5
370,28,Male,10439,College,South,Regular,frequent,4038,Clothing,1,5
371,41,Male,7753,HighSchool,West,Regular,rare,1753,Clothing,0,5
372,23,Male,15592,College,East,Silver,rare,4665,Books,0,4
373,28,Female,24408,College,North,Regular,rare,7806,Clothing,1,4
374,34,Female,42544,HighSchool,East,Silver,occasional,11805,Electronics,0,5
375,32,Male,34992,Masters,North,Gold,occasional,10615,Food,1,4
376,27,Male,27084,HighSchool,South,Regular,frequent,7323,Food,1,4
377,26,Female,13891,College,North,Silver,occasional,5510,Books,0,6
378,31,Male,19763,Masters,East,Regular,rare,6478,Electronics,0,4
379,30,Female,39032,College,North,Silver,occasional,13794,Clothing,1,6
380,22,Female,44147,College,North,Regular,rare,17362,Electronics,1,4
381,30,Male,26175,College,North,Gold,frequent,7418,Health,0,5
382,31,Male,42723,HighSchool,East,Silver,occasional,13045,Electronics,0,5
383,31,Female,41087,College,East,Regular,frequent,13315,Books,0,5
384,25,Female,45806,Bachelor,North,Regular,occasional,13282,Clothing,0,6
385,32,Male,32593,Bachelor,South,Regular,rare,12289,Beauty,1,5
386,36,Male,42008,College,East,Silver,rare,13351,Food,0,5
387,32,Male,20779,HighSchool,North,Silver,occasional,6412,Books,1,6
388,25,Female,42990,College,West,Gold,occasional,15991,Health,1,6
389,28,Female,14253,College,South,Regular,rare,4487,Beauty,1,4
390,32,Female,33193,Bachelor,North,Regular,rare,10499,Electronics,0,5
391,27,Female,37881,Bachelor,East,Regular,occasional,16165,Books,0,4
392,20,Female,19329,Bachelor,North,Regular,occasional,6796,Books,1,3
393,34,Female,15937,College,West,Gold,occasional,5345,Books,0,4
394,26,Female,45551,College,South,Silver,occasional,17274,Books,0,5
395,27,Male,14171,Bachelor,South,Silver,rare,5348,Food,0,5
396,37,Male,6122,College,North,Regular,rare,1729,Electronics,0,5
397,27,Female,43270,College,East,Regular,occasional,15992,Health,0,5
398,34,Female,26165,Bachelor,East,Regular,occasional,7130,Electronics,0,3
399,24,Female,38172,Bachelor,West,Gold,occasional,12982,Food,0,5
400,28,Female,7815,College,North,Regular,occasional,2275,Electronics,0,5
401,30,Female,35361,College,South,Regular,occasional,12264,Beauty,0,4
402,25,Male,39766,HighSchool,South,Silver,occasional,12387,Books,1,5
403,27,Female,23136,HighSchool,East,Silver,occasional,6827,Books,0,5
404,30,Female,24467,Masters,West,Regular,frequent,8375,Electronics,0,4
405,33,Male,18026,Masters,North,Regular,frequent,5131,Books,0,4
406,23,Male,34568,Bachelor,South,Regular,rare,12277,Electronics,1,5
407,28,Male,30664,Bachelor,West,Regular,rare,10766,Clothing,0,3
408,33,Male,10066,College,East,Silver,occasional,3505,Books,1,6
409,28,Female,8887,College,East,Regular,rare,3392,Books,0,5
410,31,Female,8212,Masters,North,Regular,rare,3702,Clothing,0,6
411,32,Female,48613,Bachelor,South,Regular,rare,15510,Books,0,5
412,31,Female,7150,HighSchool,South,Gold,frequent,2005,Clothing,1,6
413,33,Female,16469,HighSchool,East,Silver,rare,6304,Clothing,1,6
414,29,Male,18486,College,West,Regular,occasional,5011,Beauty,1,5
415,28,Female,9181,College,North,Silver,rare,3096,Electronics,0,6
416,18,Female,12567,Bachelor,South,Regular,frequent,4828,Electronics,0,6
417,30,Male,35623,College,West,Silver,occasional,7502,Clothing,0,6
418,32,Female,5807,College,West,Gold,frequent,2046,Food,1,7
419,32,Male,41814,HighSchool,East,Regular,rare,13261,Food,0,4
420,28,Female,40940,College,East,Silver,occasional,13390,Clothing,0,6
421,38,Male,27281,College,North,Regular,frequent,11166,Clothing,0,5
422,31,Female,7976,Masters,West,Silver,rare,2817,Books,0,4
423,31,Female,40944,College,East,Regular,frequent,17549,Electronics,0,5
424,36,Female,17648,HighSchool,West,Regular,rare,7367,Electronics,0,4
425,27,Male,28829,Bachelor,North,Regular,occasional,11280,Electronics,0,5
426,28,Male,11997,HighSchool,South,Regular,occasional,5201,Clothing,0,5
427,41,Female,17059,Bachelor,North,Regular,occasional,4513,Books,0,6
428,30,Male,48146,Bachelor,South,Regular,rare,20023,Clothing,0,5
429,37,Male,22707,College,North,Silver,rare,6800,Health,0,5
430,24,Male,23412,HighSchool,North,Silver,occasional,9072,Books,1,2
431,29,Male,39989,Bachelor,West,Regular,rare,14499,Electronics,0,5
432,32,Female,7143,College,West,Regular,rare,2367,Home,0,5
433,31,Female,5185,College,West,Silver,occasional,2070,Clothing,0,6
434,26,Female,45405,College,South,Gold,occasional,17613,Health,1,3
435,30,Female,35998,Bachelor,West,Silver,frequent,15750,Electronics,0,5
436,25,Male,8342,Bachelor,East,Gold,rare,3046,Electronics,0,5
437,33,Female,12359,Masters,South,Regular,rare,4089,Electronics,0,4
438,35,Male,24804,College,East,Silver,rare,6530,Electronics,0,3
439,20,Female,43965,College,South,Silver,occasional,13191,Clothing,1,6
440,36,Male,35285,College,North,Regular,rare,7902,Books,0,4
441,24,Female,5018,College,South,Regular,frequent,1605,Food,0,4
442,32,Male,13089,College,East,Regular,frequent,4700,Electronics,0,7
443,33,Male,34802,HighSchool,West,Gold,occasional,15633,Electronics,0,5
444,29,Male,32764,College,South,Regular,occasional,10891,Clothing,1,4
445,27,Female,8527,College,North,Regular,occasional,2444,Electronics,1,4
446,31,Female,5552,College,North,Regular,occasional,1374,Health,0,4
447,32,Male,37693,HighSchool,West,Gold,rare,12181,Books,0,6
448,34,Female,18791,College,South,Regular,rare,5328,Health,0,4
449,21,Male,8415,HighSchool,South,Regular,occasional,3700,Clothing,0,6
450,23,Female,44727,College,West,Silver,frequent,13344,Electronics,0,6
451,36,Male,19522,Bachelor,North,Silver,rare,6711,Clothing,0,6
452,35,Male,49646,College,West,Gold,rare,13480,Electronics,1,4
453,32,Female,28412,Masters,West,Silver,rare,12027,Home,0,6
454,33,Female,45999,College,West,Silver,frequent,15251,Health,0,4
455,34,Male,26730,Bachelor,East,Silver,occasional,8926,Books,1,5
456,18,Female,9396,College,East,Gold,rare,3613,Health,0,4
457,35,Female,17224,Masters,West,Regular,rare,5770,Books,0,5
458,28,Female,40052,College,West,Regular,rare,14909,Food,0,4
459,31,Male,35172,Masters,West,Regular,rare,15494,Electronics,1,7
460,29,Female,31064,Masters,North,Regular,frequent,12216,Home,0,2
461,34,Male,43417,College,North,Regular,frequent,14284,Books,0,6
462,28,Male,23128,Masters,South,Regular,rare,8737,Clothing,0,6
463,32,Female,19011,Bachelor,North,Silver,occasional,6730,Books,0,6
464,28,Female,20164,HighSchool,North,Regular,rare,6837,Electronics,1,6
465,25,Female,28925,HighSchool,South,Silver,occasional,8516,Electronics,0,5
466,35,Male,37465,Bachelor,West,Regular,rare,12000,Health,0,5
467,33,Female,38164,College,East,Regular,rare,13727,Food,0,3
468,38,Female,27495,HighSchool,East,Regular,occasional,11675,Food,0,6
469,30,Male,34636,HighSchool,South,Regular,rare,13327,Electronics,0,5
470,35,Female,18654,HighSchool,North,Regular,rare,6514,Home,0,6
471,39,Male,49993,Bachelor,North,Regular,frequent,19197,Health,0,7
472,29,Female,16203,College,East,Regular,rare,4477,Beauty,0,8
473,24,Male,8344,HighSchool,North,Regular,frequent,3133,Clothing,1,4
474,29,Male,43928,Masters,West,Regular,rare,13736,Food,1,5
475,29,Female,26969,Masters,North,Silver,frequent,10298,Food,0,5
476,31,Male,6618,HighSchool,North,Silver,occasional,2092,Health,0,6
477,38,Male,17333,HighSchool,West,Silver,occasional,6088,Electronics,0,5
478,29,Male,14792,HighSchool,North,Regular,rare,5486,Electronics,0,5
479,32,Male,9268,Bachelor,East,Silver,rare,3659,Electronics,0,5
480,29,Male,32178,Bachelor,East,Regular,occasional,11464,Books,0,6
481,30,Male,46104,HighSchool,North,Regular,rare,14646,Food,0,4
482,31,Female,16475,Masters,West,Regular,rare,5505,Clothing,1,6
483,36,Female,38080,Bachelor,South,Regular,frequent,14439,Books,1,4
484,31,Male,17039,College,South,Silver,frequent,5431,Home,0,5
485,33,Male,18159,College,North,Regular,occasional,4519,Electronics,0,6
486,33,Female,25791,Bachelor,West,Silver,rare,8579,Clothing,1,5
487,34,Male,34277,Bachelor,South,Regular,frequent,11516,Home,1,5
488,27,Female,11689,HighSchool,East,Regular,occasional,3637,Books,0,5
489,37,Female,39807,HighSchool,South,Regular,frequent,13585,Health,0,4
490,28,Male,5111,Bachelor,East,Regular,rare,1428,Clothing,1,4
491,30,Female,42542,College,West,Silver,rare,10967,Food,0,4
492,36,Female,19323,College,West,Regular,frequent,8726,Electronics,0,6
493,36,Male,21655,College,North,Regular,occasional,7519,Food,0,4
494,25,Female,9419,College,South,Regular,frequent,3454,Health,1,5
495,26,Male,16292,College,East,Regular,occasional,5955,Books,0,6
496,24,Female,21305,College,South,Silver,frequent,11233,Electronics,0,6
497,31,Female,46326,Bachelor,South,Regular,rare,17296,Food,1,5
498,31,Female,6952,Bachelor,West,Silver,occasional,2495,Electronics,0,5
499,32,Male,44292,College,East,Regular,frequent,13592,Beauty,0,6
500,32,Male,42736,College,East,Regular,occasional,16169,Clothing,1,4
501,27,Female,39836,HighSchool,South,Regular,occasional,15234,Books,0,5
502,26,Female,10962,College,South,Silver,rare,4119,Food,0,4
503,35,Female,46536,Bachelor,West,Regular,occasional,11987,Electronics,0,5
504,33,Female,6816,HighSchool,East,Regular,rare,1922,Electronics,0,5
505,23,Male,42927,HighSchool,West,Regular,rare,17164,Food,0,6
506,30,Female,10310,Masters,West,Regular,occasional,3808,Clothing,1,6
507,26,Male,35084,College,West,Silver,rare,11540,Books,0,6
508,21,Female,12974,College,South,Regular,occasional,4733,Health,1,3
509,31,Male,9851,HighSchool,West,Regular,rare,3368,Clothing,0,6
510,30,Female,21657,College,East,Regular,rare,7421,Food,0,5
511,30,Female,35320,HighSchool,South,Regular,occasional,11775,Electronics,0,4
512,31,Male,5130,Masters,East,Regular,rare,1953,Electronics,1,3
513,34,Male,8479,College,South,Regular,occasional,3011,Clothing,0,4
514,31,Male,34379,College,East,Silver,frequent,12216,Beauty,0,5
515,27,Female,15649,Masters,West,Silver,occasional,3788,Electronics,1,5
516,27,Female,20603,Bachelor,West,Silver,rare,5206,Clothing,0,5
517,29,Female,40848,Bachelor,North,Silver,frequent,10565,Electronics,0,7
518,31,Female,6618,College,South,Regular,rare,3340,Home,1,5
519,25,Male,33236,Bachelor,South,Silver,frequent,10740,Clothing,1,6
520,29,Female,24623,HighSchool,South,Regular,rare,8739,Books,0,4
521,34,Female,39962,HighSchool,South,Silver,occasional,14525,Food,0,5
522,30,Male,44646,College,West,Regular,occasional,16610,Books,1,3
523,27,Male,44033,College,West,Regular,frequent,10307,Books,0,4
524,29,Male,40540,College,West,Regular,rare,11876,Books,0,6
525,35,Female,25190,College,West,Silver,rare,6802,Food,0,7
526,32,Male,21555,College,South,Silver,rare,7049,Health,1,6
527,36,Male,49240,Bachelor,West,Regular,occasional,17793,Food,1,5
528,31,Male,44324,College,North,Regular,rare,16860,Food,1,3
529,32,Male,42445,Bachelor,South,Silver,rare,14610,Clothing,0,4
530,28,Female,28891,Bachelor,West,Regular,rare,10898,Electronics,0,4
531,33,Female,7241,College,East,Regular,rare,2328,Clothing,1,4
532,28,Female,20208,Masters,West,Silver,occasional,6242,Clothing,0,4
533,24,Female,30558,HighSchool,East,Regular,rare,10176,Electronics,0,4
534,31,Male,37145,HighSchool,East,Silver,occasional,13925,Electronics,0,4
535,39,Female,49495,Bachelor,East,Silver,frequent,17662,Clothing,1,5
536,34,Male,5031,College,West,Regular,rare,1757,Clothing,1,4
537,35,Male,27644,HighSchool,North,Silver,frequent,9356,Clothing,1,5
538,32,Male,45482,College,North,Silver,frequent,20031,Books,0,6
539,27,Male,44697,College,East,Regular,rare,14199,Electronics,1,4
540,29,Female,37840,College,North,Regular,occasional,14287,Health,0,5
541,29,Male,28375,Bachelor,West,Regular,rare,8451,Clothing,0,5
542,28,Male,38152,College,West,Regular,frequent,11452,Food,0,3
543,33,Male,44947,HighSchool,North,Regular,rare,16478,Food,1,5
544,25,Female,21735,Bachelor,South,Regular,occasional,5838,Books,0,5
545,34,Male,11312,Masters,West,Regular,rare,3315,Clothing,1,5
546,34,Female,17683,Bachelor,South,Gold,rare,6677,Health,1,5
547,25,Male,18518,College,North,Regular,frequent,6304,Clothing,1,6
548,33,Male,9405,HighSchool,West,Regular,rare,3260,Health,0,4
549,41,Female,9837,Bachelor,East,Silver,occasional,3456,Beauty,0,6
550,28,Female,17975,HighSchool,West,Regular,rare,7087,Beauty,0,4
551,34,Male,6411,Masters,North,Regular,frequent,2344,Food,0,3
552,27,Male,22415,College,South,Silver,rare,7696,Clothing,0,5
553,35,Male,36339,Masters,West,Silver,frequent,12475,Clothing,1,3
554,31,Male,17583,HighSchool,West,Regular,rare,6960,Electronics,0,5
555,37,Female,34278,Bachelor,West,Silver,frequent,8517,Electronics,1,4
556,23,Male,29604,Bachelor,West,Regular,occasional,8160,Electronics,0,5
557,30,Male,19766,HighSchool,West,Regular,occasional,3690,Health,0,4
558,28,Male,38535,College,East,Gold,rare,10450,Clothing,1,6
559,29,Male,17411,College,West,Silver,rare,5330,Beauty,1,6
560,27,Male,34014,Bachelor,West,Silver,occasional,11086,Electronics,0,5
561,26,Female,10950,Bachelor,East,Regular,occasional,4169,Electronics,0,5
562,33,Female,25285,Bachelor,South,Gold,frequent,9292,Electronics,1,4
563,25,Female,27835,College,East,Gold,rare,8044,Electronics,0,6
564,37,Female,42899,Bachelor,South,Silver,rare,15171,Food,1,4
565,25,Male,38218,Bachelor,East,Silver,frequent,12888,Books,1,4
566,30,Female,19596,Masters,North,Regular,rare,5857,Clothing,1,4
567,32,Female,27843,Masters,North,Regular,rare,10807,Clothing,0,5
568,33,Male,48987,HighSchool,North,Regular,rare,20849,Electronics,1,5
569,29,Male,30942,Masters,North,Regular,rare,11700,Clothing,0,6
570,30,Female,32729,HighSchool,West,Silver,occasional,13472,Food,0,5
571,34,Female,26085,Bachelor,West,Gold,rare,9466,Clothing,0,5
572,23,Female,10874,College,East,Regular,rare,2741,Beauty,0,4
573,27,Male,8906,Masters,East,Gold,frequent,3783,Electronics,1,4
574,31,Female,10743,College,East,Regular,rare,4067,Food,0,4
575,28,Male,16787,College,West,Regular,frequent,6203,Books,0,5
576,36,Female,5863,Bachelor,South,Regular,rare,1889,Clothing,0,4
577,33,Male,8571,Masters,East,Regular,rare,2711,Electronics,1,6
578,30,Male,38221,College,South,Regular,occasional,9829,Health,0,6
579,23,Male,44824,College,West,Regular,rare,12727,Food,1,4
580,30,Male,39617,College,West,Regular,rare,13761,Health,0,4
581,29,Female,29554,Bachelor,North,Regular,frequent,7371,Electronics,0,5
582,30,Male,19501,HighSchool,West,Regular,rare,6179,Clothing,0,5
583,25,Male,28006,HighSchool,West,Silver,occasional,11739,Electronics,1,5
584,32,Female,38127,HighSchool,North,Regular,occasional,17865,Books,0,4
585,25,Female,37318,Bachelor,North,Regular,occasional,12215,Electronics,0,6
586,29,Male,40497,Bachelor,North,Silver,frequent,14650,Electronics,0,5
587,32,Female,16736,Bachelor,East,Silver,occasional,5202,Electronics,0,3
588,26,Male,21992,Bachelor,North,Gold,frequent,8152,Electronics,0,5
589,33,Female,49958,Masters,West,Regular,rare,20542,Clothing,0,6
590,24,Male,40354,College,West,Regular,frequent,14813,Books,0,6
591,17,Male,26406,College,South,Regular,frequent,9092,Electronics,1,5
592,32,Female,15026,College,South,Regular,rare,6028,Books,0,6
593,34,Female,5296,College,East,Regular,occasional,2044,Electronics,1,5
594,29,Female,18211,College,South,Regular,rare,5410,Clothing,1,4
595,32,Male,7316,Bachelor,East,Regular,frequent,2182,Food,1,3
596,25,Female,37835,Bachelor,West,Silver,rare,12953,Electronics,0,5
597,29,Male,6698,Bachelor,East,Regular,occasional,2032,Clothing,0,6
598,21,Female,29479,Bachelor,South,Silver,rare,11012,Electronics,1,4
599,35,Male,8968,College,East,Regular,occasional,3005,Books,0,5
600,38,Male,23475,College,East,Regular,occasional,7913,Food,0,4
601,35,Male,35255,Bachelor,North,Regular,occasional,13722,Home,0,5
602,30,Male,10845,College,North,Regular,rare,4508,Clothing,0,4
603,30,Male,23417,Bachelor,West,Regular,rare,8692,Books,1,5
604,23,Female,22690,HighSchool,East,Regular,frequent,9471,Health,0,7
605,34,Female,38897,College,East,Silver,frequent,12326,Books,0,6
606,29,Female,23881,Bachelor,North,Gold,occasional,8164,Electronics,0,4
607,27,Male,9232,College,North,Silver,rare,2502,Electronics,0,4
608,24,Male,45466,Masters,East,Silver,frequent,15650,Electronics,1,4
609,29,Male,42806,Bachelor,North,Silver,occasional,13149,Electronics,0,4
610,26,Female,9442,College,West,Regular,rare,3540,Beauty,0,5
611,28,Male,16972,Bachelor,South,Regular,rare,6972,Electronics,0,4
612,25,Female,40751,College,East,Regular,rare,15498,Electronics,0,6
613,38,Male,24023,College,South,Regular,rare,8939,Health,0,4
614,30,Female,27743,Bachelor,East,Regular,rare,10457,Home,1,4
615,35,Female,46817,HighSchool,North,Regular,occasional,14156,Electronics,1,6
616,18,Male,24666,HighSchool,East,Regular,rare,8908,Books,0,4
617,28,Female,46747,HighSchool,North,Regular,rare,19859,Health,0,5
618,27,Female,36968,HighSchool,East,Gold,rare,14375,Books,0,3
619,25,Female,10929,Masters,East,Silver,occasional,3902,Food,1,4
620,37,Male,29071,Bachelor,East,Silver,occasional,9818,Electronics,1,4
621,24,Female,26988,Masters,East,Regular,rare,9491,Clothing,0,4
622,31,Male,26912,College,North,Gold,frequent,10338,Home,0,4
623,34,Female,33008,HighSchool,West,Regular,rare,10484,Books,0,5
624,31,Female,40164,Masters,East,Regular,rare,14138,Electronics,0,5
625,26,Male,6402,HighSchool,South,Regular,frequent,2171,Beauty,0,4
626,34,Male,35647,Bachelor,South,Regular,rare,17300,Food,0,5
627,31,Female,18740,College,North,Silver,rare,8130,Electronics,1,4
628,25,Male,37252,Bachelor,North,Regular,rare,11746,Books,0,5
629,24,Female,23527,HighSchool,West,Regular,rare,7827,Food,0,6
630,39,Male,29034,HighSchool,East,Silver,rare,6097,Clothing,1,6
631,27,Female,47202,Bachelor,North,Regular,occasional,18644,Electronics,0,6
632,22,Female,49260,Bachelor,North,Regular,occasional,15880,Books,0,6
633,32,Female,47225,College,South,Gold,frequent,17901,Electronics,0,5
634,31,Male,45642,Bachelor,North,Silver,rare,17744,Books,0,6
635,24,Female,30242,HighSchool,South,Silver,rare,8883,Books,0,4
636,21,Male,19689,College,East,Regular,frequent,7217,Electronics,0,4
637,29,Male,48086,College,North,Regular,rare,16224,Clothing,0,6
638,35,Female,21395,College,East,Regular,rare,7651,Clothing,1,4
639,33,Female,5885,HighSchool,North,Silver,occasional,2200,Electronics,0,5
640,28,Male,41414,HighSchool,East,Regular,frequent,13453,Clothing,1,5
641,26,Male,26575,Bachelor,North,Silver,occasional,7515,Electronics,1,5
642,31,Male,37380,College,South,Silver,rare,15014,Electronics,0,3
643,31,Male,18703,College,North,Regular,occasional,6078,Books,0,4
644,33,Female,18219,College,South,Silver,rare,5370,Clothing,0,4
645,28,Female,45880,College,South,Regular,rare,19632,Clothing,1,6
646,34,Male,39896,Bachelor,East,Silver,rare,10534,Clothing,0,5
647,26,Female,14946,HighSchool,West,Regular,rare,5690,Beauty,0,5
648,29,Male,9086,Masters,East,Silver,occasional,3271,Health,1,5
649,33,Female,28585,Bachelor,South,Regular,frequent,8744,Clothing,0,6
650,34,Male,13524,HighSchool,South,Silver,rare,3097,Electronics,0,4
651,21,Male,35382,College,South,Silver,occasional,12742,Electronics,0,5
652,30,Female,41801,College,North,Regular,frequent,17184,Books,0,7
653,33,Female,42459,Bachelor,South,Silver,frequent,15318,Clothing,1,7
654,24,Female,35390,College,West,Regular,occasional,10820,Electronics,0,4
655,32,Female,44906,Bachelor,West,Regular,rare,15355,Clothing,1,5
656,26,Male,44099,Bachelor,North,Silver,occasional,14231,Food,0,6
657,35,Male,24660,Bachelor,North,Regular,rare,9344,Food,0,4
658,32,Male,17486,Masters,East,Silver,occasional,6688,Electronics,0,4
659,33,Female,23401,HighSchool,West,Gold,rare,7136,Clothing,1,6
660,31,Male,23410,Bachelor,East,Regular,frequent,8771,Electronics,1,5
661,34,Female,45277,Bachelor,North,Regular,occasional,15626,Beauty,0,5
662,36,Male,35288,College,West,Regular,frequent,13495,Electronics,0,5
663,39,Male,38800,Bachelor,South,Silver,rare,12438,Electronics,0,4
664,30,Male,30456,Bachelor,East,Regular,occasional,10381,Books,0,4
665,20,Female,12912,HighSchool,West,Regular,rare,4895,Food,1,5
666,30,Male,40105,Bachelor,East,Regular,rare,12260,Food,0,5
667,31,Male,11087,College,South,Regular,occasional,3764,Food,0,4
668,29,Female,21888,College,North,Gold,occasional,7796,Health,0,4
669,33,Male,32277,College,South,Silver,rare,9357,Electronics,0,4
670,35,Male,47016,College,East,Regular,frequent,15901,Home,0,5
671,28,Male,7120,HighSchool,West,Regular,occasional,2900,Books,0,4
672,29,Female,16507,College,West,Regular,rare,6093,Health,0,4
673,32,Female,20198,College,East,Silver,rare,5908,Health,0,5
674,28,Female,15888,College,South,Silver,occasional,7142,Books,0,4
675,30,Male,6137,College,East,Regular,frequent,1953,Food,0,4
676,21,Female,37430,College,East,Gold,frequent,17953,Food,1,6
677,25,Male,14760,Bachelor,West,Regular,rare,5459,Food,0,6
678,24,Male,43204,Bachelor,East,Silver,rare,18576,Electronics,0,4
679,26,Male,25376,College,South,Silver,rare,7194,Clothing,0,5
680,27,Female,16760,Masters,North,Regular,rare,5438,Health,0,5
681,32,Male,25922,College,East,Silver,rare,10035,Food,0,7
682,34,Female,10006,College,North,Regular,rare,3764,Electronics,0,5
683,27,Female,43023,HighSchool,North,Regular,occasional,13484,Clothing,0,3
684,26,Male,45920,College,East,Silver,rare,18511,Clothing,1,5
685,25,Male,16957,Bachelor,East,Silver,frequent,5436,Books,0,6
686,28,Female,24934,HighSchool,South,Silver,rare,7868,Beauty,0,4
687,29,Male,8854,Bachelor,South,Silver,frequent,3467,Clothing,0,5
688,32,Female,12067,Masters,West,Regular,rare,4938,Electronics,1,6
689,29,Female,16218,Masters,West,Regular,occasional,6422,Electronics,1,5
690,21,Male,29916,HighSchool,East,Silver,occasional,10995,Books,0,4
691,30,Female,44257,College,South,Silver,rare,13964,Electronics,1,4
692,35,Female,32371,College,West,Regular,occasional,12679,Home,0,5
693,35,Male,47061,College,East,Regular,occasional,16856,Food,0,6
694,26,Female,9433,College,South,Regular,frequent,2897,Clothing,1,7
695,23,Male,42914,College,East,Regular,rare,16472,Home,0,4
696,41,Female,6470,HighSchool,North,Silver,occasional,2139,Clothing,0,5
697,29,Male,19653,Bachelor,West,Gold,rare,5744,Clothing,1,4
698,30,Male,36308,College,East,Regular,occasional,14412,Electronics,0,6
699,32,Female,32906,HighSchool,East,Silver,rare,12277,Electronics,0,4
700,23,Female,45118,HighSchool,North,Silver,occasional,15799,Home,0,4
701,27,Female,19299,Bachelor,East,Regular,occasional,6510,Health,0,5
702,23,Male,6557,College,East,Silver,frequent,2345,Electronics,0,7
703,27,Male,32302,Bachelor,West,Silver,rare,10554,Food,0,4
704,31,Male,37660,College,South,Regular,occasional,12688,Clothing,1,5
705,24,Female,46616,Masters,North,Gold,occasional,16470,Books,0,6
706,33,Female,13193,College,West,Regular,rare,4106,Electronics,0,7
707,31,Male,28993,Masters,East,Regular,rare,12035,Books,0,6
708,26,Female,38310,HighSchool,West,Regular,occasional,10104,Food,0,5
709,31,Female,7832,HighSchool,North,Gold,rare,2375,Food,1,5
710,33,Female,49137,College,North,Silver,occasional,17393,Books,1,4
711,35,Male,27384,College,East,Regular,rare,7957,Electronics,0,4
712,29,Female,15123,Masters,South,Regular,rare,5785,Books,0,7
713,30,Female,23450,HighSchool,South,Silver,occasional,7624,Electronics,1,4
714,30,Female,19528,Bachelor,South,Regular,rare,6651,Health,0,5
715,36,Male,35817,HighSchool,South,Silver,rare,15833,Electronics,0,5
716,35,Female,49564,Bachelor,South,Silver,frequent,15568,Clothing,0,4
717,34,Male,41179,Bachelor,North,Gold,occasional,14936,Clothing,1,3
718,29,Female,7510,College,North,Regular,rare,2385,Clothing,0,5
719,32,Male,47700,Masters,East,Regular,frequent,15872,Food,1,6
720,32,Male,42084,Bachelor,East,Regular,frequent,20153,Clothing,1,4
721,25,Female,42521,Bachelor,South,Regular,frequent,16182,Clothing,0,6
722,22,Female,7197,Bachelor,West,Silver,frequent,2193,Books,1,6
723,33,Male,20072,Masters,East,Regular,rare,7780,Clothing,0,6
724,23,Male,6434,HighSchool,East,Regular,occasional,1964,Clothing,0,4
725,30,Male,46161,College,East,Silver,rare,11850,Clothing,0,6
726,31,Female,38962,Bachelor,East,Silver,rare,12800,Books,1,6
727,33,Male,29312,HighSchool,West,Silver,rare,8172,Books,0,5
728,31,Male,5187,Masters,West,Regular,rare,1797,Books,0,5
729,27,Female,12994,College,East,Gold,rare,4051,Food,0,5
730,34,Male,24915,HighSchool,North,Silver,frequent,9712,Books,1,4
731,38,Male,48819,Masters,North,Regular,rare,17951,Health,0,4
732,34,Female,31775,Bachelor,South,Silver,rare,10103,Home,0,5
733,21,Female,21339,Bachelor,North,Gold,occasional,5355,Clothing,0,6
734,36,Male,35621,College,South,Gold,rare,10685,Clothing,0,4
735,30,Female,43558,College,South,Regular,frequent,11246,Electronics,1,6
736,32,Male,49039,College,South,Silver,frequent,17328,Clothing,0,7
737,33,Female,10544,College,East,Silver,rare,3803,Food,0,5
738,30,Male,16067,Masters,East,Regular,frequent,5436,Health,1,7
739,30,Male,12401,Masters,North,Regular,rare,4614,Books,0,4
740,35,Male,34154,HighSchool,West,Silver,occasional,14201,Electronics,0,5
741,33,Male,35891,College,West,Regular,frequent,10181,Electronics,0,5
742,34,Male,35731,HighSchool,South,Silver,occasional,14883,Food,1,6
743,41,Female,46999,College,West,Regular,occasional,21727,Clothing,0,4
744,33,Female,23164,Bachelor,East,Silver,frequent,6760,Electronics,0,6
745,31,Female,18149,College,West,Silver,rare,4845,Books,1,4
746,20,Male,32186,HighSchool,East,Gold,occasional,9975,Health,0,5
747,42,Male,26907,Masters,East,Silver,rare,9004,Clothing,0,6
748,28,Male,15501,Bachelor,West,Regular,rare,5401,Food,0,5
749,41,Female,42844,College,North,Regular,occasional,12120,Electronics,1,4
750,32,Male,37881,HighSchool,West,Regular,rare,15795,Electronics,0,6
751,37,Male,6827,College,West,Regular,occasional,2505,Books,0,5
752,30,Male,42756,Masters,North,Silver,rare,13006,Electronics,0,3
753,32,Male,40782,College,East,Silver,rare,14052,Electronics,0,5
754,31,Female,48562,HighSchool,South,Silver,occasional,12296,Electronics,0,4
755,29,Male,30154,HighSchool,East,Regular,rare,8902,Health,1,6
756,29,Female,41365,HighSchool,South,Silver,rare,16519,Books,0,5
757,35,Male,17341,HighSchool,West,Silver,occasional,6911,Electronics,0,3
758,29,Female,10868,Bachelor,East,Regular,rare,4765,Clothing,0,6
759,21,Female,40376,Bachelor,West,Regular,frequent,15849,Clothing,0,3
760,29,Female,17439,Bachelor,East,Regular,rare,6599,Electronics,1,5
761,32,Male,14606,College,West,Regular,rare,5559,Health,1,6
762,33,Female,45713,Bachelor,North,Regular,rare,16680,Home,0,5
763,33,Male,22639,Masters,West,Silver,rare,8760,Electronics,0,4
764,22,Female,25443,College,East,Regular,rare,8351,Electronics,0,5
765,32,Female,46374,College,East,Silver,rare,16457,Books,0,5
766,34,Female,44109,College,South,Regular,frequent,17021,Food,1,6
767,36,Male,24997,Bachelor,West,Regular,rare,7556,Food,0,3
768,29,Female,28971,Masters,South,Silver,occasional,9722,Books,1,7
769,29,Female,11006,HighSchool,North,Regular,rare,3529,Electronics,1,6
770,37,Male,5147,Bachelor,East,Regular,occasional,1316,Clothing,0,7
771,23,Female,43022,Bachelor,East,Regular,occasional,15499,Books,1,6
772,28,Male,26736,College,West,Silver,occasional,8560,Electronics,1,6
773,32,Male,29060,College,East,Regular,rare,12450,Clothing,0,4
774,23,Female,29367,College,North,Silver,rare,9803,Books,0,4
775,31,Male,40709,Masters,South,Regular,rare,15282,Books,0,4
776,38,Female,23027,Masters,East,Regular,rare,6460,Electronics,1,5
777,30,Male,7538,Masters,South,Gold,occasional,2735,Electronics,0,5
778,29,Female,31374,Bachelor,South,Silver,occasional,10984,Clothing,0,5
779,32,Female,33298,College,South,Regular,occasional,10916,Clothing,0,6
780,29,Male,48123,Bachelor,West,Regular,occasional,13985,Food,1,4
781,34,Male,48365,HighSchool,East,Regular,rare,11280,Clothing,0,4
782,34,Male,35758,Bachelor,East,Gold,occasional,14676,Electronics,0,4
783,30,Female,47408,College,North,Silver,rare,15349,Clothing,0,5
784,25,Male,45039,Bachelor,West,Silver,rare,13308,Home,1,4
785,24,Female,8675,Bachelor,South,Silver,occasional,2306,Clothing,1,3
786,27,Male,11397,HighSchool,East,Regular,occasional,4065,Electronics,0,5
787,34,Male,27307,Bachelor,West,Regular,frequent,7480,Food,1,5
788,21,Male,46889,College,West,Regular,rare,14457,Beauty,0,6
789,22,Female,46079,HighSchool,South,Regular,rare,15975,Home,1,5
790,27,Female,49171,Bachelor,South,Silver,frequent,12862,Home,0,6
791,32,Male,17797,Bachelor,East,Regular,frequent,6938,Food,0,6
792,26,Female,36413,Masters,North,Regular,occasional,13613,Electronics,0,6
793,34,Female,16088,HighSchool,West,Regular,rare,5768,Electronics,1,6
794,31,Male,25335,Masters,West,Regular,frequent,7619,Food,0,4
795,29,Male,14689,Bachelor,South,Gold,occasional,5665,Electronics,1,5
796,34,Male,6012,Bachelor,North,Regular,occasional,2257,Clothing,1,5
797,32,Male,12702,Bachelor,North,Regular,rare,4730,Clothing,0,4
798,28,Male,47143,College,West,Regular,rare,17309,Electronics,0,5
799,31,Female,27756,Bachelor,West,Regular,rare,8797,Electronics,0,4
800,33,Male,21978,Masters,South,Regular,rare,8088,Clothing,0,5
801,32,Male,32697,Bachelor,West,Gold,rare,14047,Electronics,1,4
802,27,Male,47586,College,South,Regular,occasional,13872,Food,1,5
803,34,Male,45379,College,East,Regular,rare,19936,Health,0,5
804,35,Male,6243,Bachelor,East,Regular,rare,2516,Clothing,0,5
805,31,Female,38370,HighSchool,West,Silver,rare,15312,Electronics,0,5
806,31,Female,12778,HighSchool,South,Regular,occasional,3472,Health,0,6
807,30,Female,30447,Bachelor,South,Regular,occasional,8592,Electronics,0,5
808,40,Female,36919,College,North,Regular,rare,12897,Food,0,6
809,31,Male,37369,Masters,North,Regular,frequent,10671,Home,1,5
810,29,Male,14016,HighSchool,East,Regular,rare,3990,Books,0,3
811,19,Female,5929,Bachelor,East,Regular,occasional,1869,Electronics,0,4
812,23,Female,44147,College,West,Gold,rare,17125,Clothing,0,5
813,30,Female,44874,College,North,Silver,frequent,13299,Clothing,1,6
814,31,Female,24299,College,East,Regular,rare,8469,Clothing,1,6
815,31,Male,29011,Bachelor,West,Gold,rare,10003,Health,1,4
816,34,Female,44903,HighSchool,South,Regular,occasional,18636,Beauty,0,5
817,29,Female,28830,College,East,Regular,occasional,11892,Books,1,5
818,35,Female,44984,Bachelor,West,Silver,rare,19629,Beauty,0,5
819,26,Female,23435,College,South,Regular,rare,8277,Clothing,0,4
820,25,Female,21078,HighSchool,West,Regular,rare,8999,Electronics,0,4
821,25,Female,23527,College,South,Regular,rare,6647,Food,1,5
822,33,Male,14035,College,West,Gold,rare,5211,Beauty,1,6
823,30,Male,26596,Bachelor,North,Regular,rare,8887,Clothing,0,2
824,34,Male,46886,HighSchool,North,Regular,rare,15102,Beauty,0,4
825,29,Male,37659,HighSchool,South,Gold,frequent,12880,Electronics,0,4
826,27,Male,12593,Masters,West,Silver,rare,4888,Clothing,1,3
827,28,Female,49401,Bachelor,West,Gold,rare,19827,Electronics,1,5
828,22,Female,9477,Bachelor,South,Regular,occasional,2712,Clothing,0,5
829,25,Male,29244,College,West,Silver,rare,8411,Beauty,0,6
830,24,Female,47777,Bachelor,South,Gold,occasional,20754,Electronics,0,4
831,35,Female,30728,Bachelor,North,Regular,rare,8313,Health,0,4
832,27,Female,9323,College,West,Regular,occasional,3109,Food,1,6
833,34,Male,37790,Bachelor,East,Gold,rare,11381,Electronics,0,6
834,37,Male,46588,Bachelor,South,Regular,rare,17162,Electronics,0,6
835,29,Male,9940,HighSchool,East,Silver,rare,3635,Books,0,6
836,31,Female,46894,Bachelor,North,Silver,rare,17131,Food,0,5
837,22,Male,24649,Bachelor,East,Regular,rare,7611,Electronics,0,6
838,26,Male,28457,College,East,Gold,frequent,11288,Books,0,4
839,30,Male,44171,College,West,Silver,rare,13940,Food,0,5
840,31,Female,39699,Bachelor,North,Silver,occasional,13264,Electronics,0,5
841,27,Male,46611,College,North,Gold,occasional,14496,Home,0,6
842,42,Female,11532,Bachelor,East,Silver,occasional,3933,Clothing,0,5
843,28,Male,36817,College,North,Silver,frequent,16316,Food,1,4
844,30,Female,46335,College,East,Regular,rare,17188,Health,0,3
845,33,Female,20712,HighSchool,North,Regular,frequent,7036,Food,0,4
846,30,Female,28084,HighSchool,West,Regular,occasional,9556,Books,0,6
847,27,Female,31914,HighSchool,West,Regular,frequent,11233,Health,1,4
848,35,Female,30666,HighSchool,South,Regular,occasional,9797,Clothing,0,5
849,37,Male,19423,HighSchool,North,Silver,occasional,7295,Food,0,4
850,30,Male,37846,HighSchool,South,Regular,frequent,12356,Electronics,0,5
851,33,Male,15438,College,East,Silver,rare,5425,Food,0,5
852,30,Female,33242,Bachelor,South,Silver,occasional,11105,Health,0,5
853,35,Female,13118,College,North,Regular,rare,5274,Electronics,0,5
854,25,Female,23384,College,North,Gold,rare,8331,Clothing,0,6
855,40,Male,22807,Bachelor,East,Gold,occasional,9314,Electronics,0,5
856,27,Male,16337,Bachelor,West,Regular,frequent,5855,Books,0,5
857,23,Male,37047,Bachelor,North,Regular,rare,9823,Electronics,1,7
858,28,Male,30884,College,South,Regular,occasional,9131,Food,1,4
859,31,Male,38034,Bachelor,North,Regular,occasional,14192,Food,0,4
860,37,Male,31128,HighSchool,East,Silver,frequent,11068,Clothing,0,5
861,34,Male,9862,Bachelor,South,Gold,rare,3336,Electronics,0,5
862,31,Male,44768,Bachelor,South,Regular,frequent,14697,Health,0,5
863,24,Male,34004,Bachelor,West,Regular,rare,11606,Health,0,6
864,26,Male,11519,HighSchool,North,Regular,occasional,4278,Books,1,4
865,29,Male,36687,College,East,Regular,rare,15250,Clothing,1,5
866,41,Female,32479,Bachelor,South,Regular,occasional,10418,Electronics,0,4
867,22,Male,39996,Bachelor,West,Silver,rare,10214,Food,1,6
868,35,Female,29412,HighSchool,West,Regular,occasional,10539,Food,0,4
869,28,Male,36956,Masters,East,Silver,rare,14005,Food,0,6
870,37,Female,40380,Bachelor,North,Regular,frequent,14819,Electronics,0,6
871,25,Male,9005,College,East,Silver,frequent,3105,Electronics,1,4
872,31,Male,45175,HighSchool,North,Regular,occasional,10935,Clothing,0,4
873,25,Female,37647,College,East,Regular,occasional,14062,Electronics,0,5
874,34,Male,46976,HighSchool,East,Regular,occasional,19388,Electronics,1,6
875,37,Male,19206,Masters,South,Silver,rare,6834,Books,1,4
876,39,Female,48445,College,West,Gold,occasional,17827,Food,0,4
877,34,Female,39481,HighSchool,North,Regular,occasional,14562,Beauty,0,5
878,38,Male,35659,HighSchool,East,Gold,rare,11778,Clothing,1,5
879,36,Female,6642,College,North,Regular,occasional,2791,Books,0,6
880,29,Male,46904,Bachelor,North,Regular,frequent,16222,Clothing,0,5
881,32,Male,11344,HighSchool,East,Silver,occasional,3712,Beauty,0,6
882,26,Female,14113,Bachelor,East,Regular,rare,4501,Home,0,5
883,29,Male,31372,College,West,Regular,occasional,11111,Electronics,1,6
884,35,Female,38905,Bachelor,West,Regular,rare,15559,Food,1,5
885,32,Male,6340,College,West,Regular,rare,2552,Books,1,6
886,32,Male,29248,College,West,Regular,frequent,9107,Food,0,6
887,25,Male,43635,Bachelor,South,Gold,occasional,13435,Health,1,6
888,27,Male,13388,College,South,Regular,rare,4011,Clothing,0,5
889,27,Male,29340,Bachelor,East,Silver,rare,11196,Books,1,5
890,32,Female,17528,College,West,Gold,rare,5196,Electronics,0,6
891,26,Female,5454,Bachelor,East,Gold,frequent,1704,Food,0,4
892,33,Male,41000,HighSchool,North,Regular,rare,17386,Food,0,6
893,25,Male,32529,College,West,Regular,occasional,12569,Books,0,3
894,38,Male,27201,Bachelor,North,Silver,rare,7202,Books,0,5
895,32,Female,13538,College,West,Regular,rare,4622,Books,0,4
896,27,Female,36761,Bachelor,South,Regular,occasional,13410,Electronics,0,7
897,31,Male,28404,College,West,Silver,rare,6529,Books,1,7
898,28,Female,30750,Masters,North,Gold,occasional,10783,Electronics,0,5
899,32,Female,12928,College,East,Silver,rare,4557,Electronics,0,4
900,31,Female,24993,Bachelor,East,Regular,rare,8276,Clothing,1,7
901,25,Male,5410,College,North,Regular,rare,1908,Electronics,0,4
902,26,Male,6042,College,North,Regular,rare,1738,Clothing,1,4
903,31,Female,44422,Bachelor,East,Gold,rare,12820,Electronics,0,6
904,37,Female,40551,College,West,Silver,occasional,13494,Food,0,4
905,35,Female,23689,Bachelor,South,Regular,rare,9127,Health,0,4
906,27,Female,31943,Bachelor,South,Regular,rare,11937,Health,1,4
907,34,Female,41473,Bachelor,West,Regular,occasional,10604,Food,0,6
908,30,Male,49904,HighSchool,West,Regular,frequent,20868,Electronics,1,5
909,31,Female,33087,College,North,Regular,occasional,10083,Clothing,0,6
910,31,Male,46696,HighSchool,West,Silver,rare,15214,Food,1,5
911,42,Female,35317,Bachelor,East,Regular,occasional,13133,Electronics,0,4
912,25,Female,20159,Bachelor,East,Regular,frequent,7915,Clothing,0,5
913,30,Female,29625,College,West,Regular,frequent,11831,Health,0,5
914,22,Female,48857,Masters,East,Silver,frequent,14925,Electronics,0,5
915,33,Male,42665,College,North,Regular,occasional,12335,Electronics,0,4
916,35,Male,11005,HighSchool,East,Regular,occasional,4439,Electronics,0,5
917,36,Male,22826,HighSchool,East,Regular,occasional,8696,Food,0,5
918,21,Male,22893,College,West,Regular,frequent,7896,Food,1,4
919,32,Male,24479,Bachelor,South,Regular,rare,8128,Clothing,0,4
920,37,Female,42845,College,North,Silver,frequent,14004,Books,0,4
921,28,Male,39154,Bachelor,East,Silver,rare,15024,Home,0,6
922,29,Female,26457,College,East,Regular,rare,10042,Clothing,1,5
923,30,Female,47885,Masters,East,Regular,frequent,13624,Electronics,1,4
924,32,Male,37378,HighSchool,South,Regular,occasional,12723,Books,0,4
925,33,Male,8720,College,South,Silver,rare,3347,Clothing,0,3
926,36,Female,30897,Bachelor,East,Silver,occasional,8724,Beauty,0,5
927,30,Male,29540,College,South,Regular,occasional,10411,Electronics,0,6
928,31,Female,20232,College,West,Silver,frequent,8085,Food,0,5
929,41,Male,41430,College,South,Regular,frequent,17678,Food,0,5
930,32,Male,33193,Bachelor,West,Regular,rare,13482,Food,0,5
931,31,Female,46647,College,North,Regular,rare,15473,Food,0,7
932,24,Female,46787,College,East,Regular,rare,13963,Health,0,5
933,30,Male,29923,College,South,Silver,frequent,10126,Books,0,7
934,29,Female,43720,Bachelor,East,Regular,rare,14489,Electronics,1,7
935,30,Male,17871,College,West,Regular,occasional,6070,Electronics,0,5
936,27,Female,49842,Bachelor,East,Silver,rare,16643,Electronics,0,7
937,27,Male,20346,HighSchool,South,Silver,occasional,7577,Electronics,0,6
938,27,Male,35848,Bachelor,West,Regular,rare,10824,Clothing,1,5
939,29,Male,10967,College,East,Silver,rare,3651,Beauty,0,5
940,36,Female,9001,Bachelor,East,Regular,frequent,3479,Food,1,7
941,35,Female,18740,Masters,South,Regular,frequent,5239,Books,1,4
942,28,Male,33392,College,East,Regular,occasional,13091,Clothing,1,6
943,22,Male,29763,Bachelor,West,Gold,occasional,11171,Food,0,5
944,26,Female,35002,HighSchool,East,Regular,rare,12877,Clothing,0,5
945,28,Male,35559,HighSchool,East,Regular,frequent,11659,Electronics,0,6
946,30,Male,15882,Bachelor,West,Regular,rare,4375,Clothing,1,4
947,27,Male,42111,College,West,Silver,occasional,18201,Electronics,0,4
948,39,Male,20091,College,West,Silver,frequent,6065,Health,0,6
949,29,Female,13429,Bachelor,West,Regular,rare,6667,Electronics,0,5
950,25,Female,19461,College,East,Regular,occasional,6104,Home,0,3
951,29,Female,40333,College,West,Regular,frequent,14979,Electronics,0,5
952,26,Male,14275,Bachelor,East,Regular,occasional,4794,Electronics,0,3
953,31,Male,34023,Masters,East,Silver,rare,10398,Beauty,1,6
954,31,Male,44121,Bachelor,East,Regular,occasional,16804,Electronics,0,4
955,32,Female,9578,Masters,West,Regular,occasional,3202,Health,1,6
956,23,Male,28209,HighSchool,West,Regular,rare,9032,Clothing,0,6
957,31,Male,15425,College,South,Regular,occasional,5741,Health,0,4
958,31,Male,44818,Masters,North,Regular,rare,11191,Clothing,0,5
959,24,Male,47309,Bachelor,West,Regular,rare,19835,Clothing,0,4
960,34,Female,33422,College,East,Regular,rare,8804,Food,0,5
961,34,Male,49663,HighSchool,South,Silver,rare,12079,Electronics,0,7
962,40,Female,6852,Masters,North,Silver,rare,2201,Food,0,5
963,31,Male,17777,College,East,Regular,rare,5231,Electronics,1,4
964,30,Female,22551,HighSchool,North,Gold,occasional,9140,Electronics,0,5
965,30,Female,26581,College,West,Regular,rare,7769,Clothing,1,5
966,30,Male,23466,Bachelor,North,Regular,occasional,7865,Electronics,1,6
967,22,Male,26277,College,West,Silver,frequent,9623,Electronics,1,5
968,23,Female,27935,College,South,Regular,rare,8907,Books,1,4
969,30,Male,30540,Masters,East,Regular,rare,10879,Food,0,4
970,27,Male,41127,College,East,Regular,rare,12246,Electronics,0,6
971,30,Female,6512,Bachelor,North,Regular,occasional,2159,Beauty,0,5
972,21,Female,46882,Masters,East,Regular,rare,15077,Electronics,0,5
973,23,Female,14898,College,East,Silver,occasional,5339,Books,0,5
974,25,Female,5798,HighSchool,South,Regular,frequent,2230,Food,0,4
975,34,Male,47489,College,South,Silver,rare,13867,Clothing,0,5
976,25,Male,38982,Masters,East,Regular,rare,12892,Clothing,1,7
977,26,Male,8390,Bachelor,South,Regular,frequent,3225,Books,0,3
978,30,Male,40061,College,West,Silver,frequent,10701,Clothing,0,4
979,29,Female,48936,Bachelor,West,Regular,rare,19474,Clothing,0,7
980,31,Male,43475,College,East,Gold,rare,15618,Health,1,4
981,40,Female,33181,HighSchool,East,Silver,occasional,10901,Electronics,0,7
982,25,Male,16582,College,South,Regular,rare,6217,Electronics,0,6
983,29,Male,20801,College,West,Silver,rare,7744,Food,1,5
984,28,Male,11298,HighSchool,East,Regular,rare,4067,Food,0,5
985,37,Male,6379,College,South,Regular,rare,2323,Food,0,4
986,27,Female,10221,HighSchool,West,Regular,rare,3365,Electronics,0,4
987,30,Male,9057,Bachelor,West,Regular,occasional,3124,Food,0,6
988,34,Female,8821,HighSchool,South,Gold,occasional,3121,Electronics,0,5
989,25,Male,47306,Bachelor,West,Silver,rare,19285,Clothing,0,5
990,37,Female,48890,HighSchool,West,Regular,frequent,17164,Clothing,1,5
991,33,Female,25829,College,North,Regular,frequent,6691,Health,0,5
992,25,Female,5457,HighSchool,South,Regular,rare,1718,Electronics,0,5
993,32,Male,9104,Bachelor,West,Silver,rare,3724,Clothing,0,7
994,29,Female,17837,HighSchool,West,Silver,occasional,7321,Electronics,1,5
995,31,Male,11502,Masters,West,Regular,occasional,3725,Clothing,1,6
996,30,Female,18444,College,West,Regular,frequent,8090,Electronics,0,4
997,35,Male,23348,Bachelor,South,Regular,frequent,7912,Books,1,6
998,24,Male,7627,HighSchool,West,Regular,occasional,2561,Electronics,0,5
999,28,Male,47063,Bachelor,West,Silver,occasional,19203,Books,0,6
1000,29,Female,5688,Bachelor,East,Regular,occasional,1854,Electronics,1,5
